"Kerala, Alappuzha, Alappuzha Muncipality"
"Kerala, Alappuzha, Ambalappuzha North"
"Kerala, Alappuzha, Ambalappuzha South"
"Kerala, Alappuzha, Arattupuzha"
"Kerala, Alappuzha, Aroor"
"Kerala, Alappuzha, Arukutty"
"Kerala, Alappuzha, Aryad"
"Kerala, Alappuzha, Chambakkulam"
"Kerala, Alappuzha, Chengannur"
"Kerala, Alappuzha, Chennampallippuram"
"Kerala, Alappuzha, Chennithala"
"Kerala, Alappuzha, Cheriyanad"
"Kerala, Alappuzha, Cherthala South"
"Kerala, Alappuzha, Chettikkulangara"
"Kerala, Alappuzha, Chingoli"
"Kerala, Alappuzha, Ezhupunna"
"Kerala, Alappuzha, Harippad"
"Kerala, Alappuzha, Kainakari"
"Kerala, Alappuzha, Kanjikkuzhy"
"Kerala, Alappuzha, Karuvatta"
"Kerala, Alappuzha, Kavalam"
"Kerala, Alappuzha, Kayamkulam Muncipality"
"Kerala, Alappuzha, Kodomthuruth"
"Kerala, Alappuzha, Mannachery"
"Kerala, Alappuzha, Mararikkulam North"
"Kerala, Alappuzha, Mararikkulam South"
"Kerala, Alappuzha, MavelikkaraMuncipality"
"Kerala, Alappuzha, Mulakkuzha"
"Kerala, Alappuzha, Muthukulam"
"Kerala, Alappuzha, Muttar"
"Kerala, Alappuzha, Nedumudy"
"Kerala, Alappuzha, Nilamperoor"
"Kerala, Alappuzha, Nooranad"
"Kerala, Alappuzha, Panavally"
"Kerala, Alappuzha, Perumbalam"
"Kerala, Alappuzha, Puliyoor"
"Kerala, Alappuzha, Punnapra North"
"Kerala, Alappuzha, Punnapra South"
"Kerala, Alappuzha, Purakkad"
"Kerala, Alappuzha, Ramankari"
"Kerala, Alappuzha, Thaikkattusherry"
"Kerala, Alappuzha, Thakazhi"
"Kerala, Alappuzha, Thamarakkulam"
"Kerala, Alappuzha, Thaneermukkam"
"Kerala, Alappuzha, Thazhakkara"
"Kerala, Alappuzha, Thiruvanvandoor"
"Kerala, Alappuzha, Thrikkunnapuzha"
"Kerala, Alappuzha, Vayalar"
"Kerala, Ernakulam, Alangad"
"Kerala, Ernakulam, Aluva Muncipality"
"Kerala, Ernakulam, Amballoor"
"Kerala, Ernakulam, Arakuzha"
"Kerala, Ernakulam, Ashamanur"
"Kerala, Ernakulam, Avoli"
"Kerala, Ernakulam, Ayavana"
"Kerala, Ernakulam, Ayyampuzha"
"Kerala, Ernakulam, Chellanam"
"Kerala, Ernakulam, Chengamanad"
"Kerala, Ernakulam, Chennamangalam"
"Kerala, Ernakulam, Cheranalloor"
"Kerala, Ernakulam, Chittattukara"
"Kerala, Ernakulam, Choornikkara"
"Kerala, Ernakulam, Chottanikkara"
"Kerala, Ernakulam, Edakkattuvayal"
"Kerala, Ernakulam, Edathala"
"Kerala, Ernakulam, Elanji"
"Kerala, Ernakulam, Elankunnapuzha"
"Kerala, Ernakulam, Eloor"
"Kerala, Ernakulam, Ezhikkara"
"Kerala, Ernakulam, Kadamakkudy"
"Kerala, Ernakulam, Kadungalloor"
"Kerala, Ernakulam, Kalady"
"Kerala, Ernakulam, Kalamassery Muncipality"
"Kerala, Ernakulam, Kanjoor"
"Kerala, Ernakulam, Karukutty"
"Kerala, Ernakulam, Karumalloor"
"Kerala, Ernakulam, Kavalangad"
"Kerala, Ernakulam, Keerampara"
"Kerala, Ernakulam, Keezhmad"
"Kerala, Ernakulam, Kizhakkambalam"
"Kerala, Ernakulam, Kochi ©"
"Kerala, Ernakulam, Koothattukulam"
"Kerala, Ernakulam, Koovappady"
"Kerala, Ernakulam, Kothamangalam"
"Kerala, Ernakulam, Kottappady"
"Kerala, Ernakulam, Kottuvally"
"Kerala, Ernakulam, Kumbalam"
"Kerala, Ernakulam, Kumbalangi"
"Kerala, Ernakulam, Kunnathunadu"
"Kerala, Ernakulam, Kuttambuzha"
"Kerala, Ernakulam, Kuzhuppally"
"Kerala, Ernakulam, Malayatoor Neeleshwaram"
"Kerala, Ernakulam, Maneed"
"Kerala, Ernakulam, Manjalloor"
"Kerala, Ernakulam, Manjapra"
"Kerala, Ernakulam, Maradu Muncipality"
"Kerala, Ernakulam, Marady"
"Kerala, Ernakulam, Mookkannur"
"Kerala, Ernakulam, Moovattupuzha Muncipality"
"Kerala, Ernakulam, Mudakkuzha"
"Kerala, Ernakulam, Mulanthuruthy"
"Kerala, Ernakulam, Mulavukad"
"Kerala, Ernakulam, Muzhavannoor"
"Kerala, Ernakulam, Nayarambalam"
"Kerala, Ernakulam, Nedumbassery"
"Kerala, Ernakulam, Nellikkuzhy"
"Kerala, Ernakulam, Njarakkal"
"Kerala, Ernakulam, North paravur"
"Kerala, Ernakulam, Paingottur"
"Kerala, Ernakulam, Palakkuzha"
"Kerala, Ernakulam, Pallarimangalam"
"Kerala, Ernakulam, Pallippuram"
"Kerala, Ernakulam, Pambakuda"
"Kerala, Ernakulam, Parakkadav"
"Kerala, Ernakulam, Payipra"
"Kerala, Ernakulam, Perumbavoor"
"Kerala, Ernakulam, Piravom Muncipality"
"Kerala, Ernakulam, Poothrika"
"Kerala, Ernakulam, Puthenvelikkara"
"Kerala, Ernakulam, Ramamangalam"
"Kerala, Ernakulam, Rayamangalam"
"Kerala, Ernakulam, Sreemoolanagarm"
"Kerala, Ernakulam, Thirumaradi"
"Kerala, Ernakulam, Thiruvaniyoor"
"Kerala, Ernakulam, Thrikkakkara Muncipality"
"Kerala, Ernakulam, Thuravur"
"Kerala, Ernakulam, Tripunithura Muncipality"
"Kerala, Ernakulam, Udayamperoor"
"Kerala, Ernakulam, Vadakkekkara"
"Kerala, Ernakulam, Vadavukode- Puthencruz"
"Kerala, Ernakulam, Valakom"
"Kerala, Ernakulam, Varapetty"
"Kerala, Ernakulam, Varappuzha"
"Kerala, Ernakulam, Vazhakkulam"
"Kerala, Ernakulam, Vengola"
"Kerala, Ernakulam, Vengoor"
"Kerala, Idukki, Alakkod"
"Kerala, Idukki, Arakkulam"
"Kerala, Idukki, Chakkupallam"
"Kerala, Idukki, Kadayathoor"
"Kerala, Idukki, Kattappana Muncipality"
"Kerala, Idukki, Muttam"
"Kerala, Idukki, Peerumedu"
"Kerala, Idukki, Peruvanthanam"
"Kerala, Idukki, Rajakkad"
"Kerala, Idukki, Udumbannoor"
"Kerala, Idukki, Vandipperiyar"
"Kerala, Kannur, Aalakkod"
"Kerala, Kannur, Anjarakkandi"
"Kerala, Kannur, Anthoor"
"Kerala, Kannur, Aralam"
"Kerala, Kannur, Ayyankunnu"
"Kerala, Kannur, Azeekkode"
"Kerala, Kannur, Chapparappadav"
"Kerala, Kannur, Chembilode"
"Kerala, Kannur, Chengalayi"
"Kerala, Kannur, Cherukunnu"
"Kerala, Kannur, Cherupuzha"
"Kerala, Kannur, Cheruthazham"
"Kerala, Kannur, Chirakkal"
"Kerala, Kannur, Chittaripparamba"
"Kerala, Kannur, Chokli"
"Kerala, Kannur, Contonment Board"
"Kerala, Kannur, Darmadam"
"Kerala, Kannur, Eramam Kuttur"
"Kerala, Kannur, Eranjoli"
"Kerala, Kannur, Eruvessi"
"Kerala, Kannur, Ezhom"
"Kerala, Kannur, Irikkoor"
"Kerala, Kannur, Iritty Muncipality"
"Kerala, Kannur, Kadamboor"
"Kerala, Kannur, Kadannappally Panappuzha"
"Kerala, Kannur, Kallyasseri"
"Kerala, Kannur, Kanichar"
"Kerala, Kannur, Kankol Alapadamba"
"Kerala, Kannur, Kannapuram"
"Kerala, Kannur, Kannur Corporation"
"Kerala, Kannur, Karivellur-Peralam"
"Kerala, Kannur, Kathiroor"
"Kerala, Kannur, Keezhallur"
"Kerala, Kannur, Kelakom"
"Kerala, Kannur, Kolachery"
"Kerala, Kannur, Kolayad"
"Kerala, Kannur, Koodali"
"Kerala, Kannur, Koothuparamba Muncipality"
"Kerala, Kannur, Kottayam-Malabar"
"Kerala, Kannur, Kottiyoor"
"Kerala, Kannur, Kunjimangalam"
"Kerala, Kannur, Kunnothuparamba"
"Kerala, Kannur, Kurumathoor"
"Kerala, Kannur, Kuttiyattoor"
"Kerala, Kannur, Madai"
"Kerala, Kannur, Malappattam"
"Kerala, Kannur, Maloor"
"Kerala, Kannur, Mangattidam"
"Kerala, Kannur, Matool"
"Kerala, Kannur, Mattannur Muncipality"
"Kerala, Kannur, Mokeri"
"Kerala, Kannur, Munderi"
"Kerala, Kannur, Muzhakkunnu"
"Kerala, Kannur, Muzhuppilangad"
"Kerala, Kannur, Naduvil"
"Kerala, Kannur, Narath"
"Kerala, Kannur, New Mahe"
"Kerala, Kannur, Padiyoor"
"Kerala, Kannur, Panniyannur"
"Kerala, Kannur, Panoor Muncipality"
"Kerala, Kannur, Pappinissery"
"Kerala, Kannur, Pariyaram"
"Kerala, Kannur, Pattuvam"
"Kerala, Kannur, Patyam"
"Kerala, Kannur, Payam"
"Kerala, Kannur, Payyannur Muncipality"
"Kerala, Kannur, Payyavoor"
"Kerala, Kannur, Peralasherry"
"Kerala, Kannur, Peravoor"
"Kerala, Kannur, Peringome-Vyakkara"
"Kerala, Kannur, Pinarayi"
"Kerala, Kannur, Ramanthali"
"Kerala, Kannur, Sreekandapuram Muncipality"
"Kerala, Kannur, Thalassery Muncipality"
"Kerala, Kannur, Thaliparamba Muncipality"
"Kerala, Kannur, Thillankeri"
"Kerala, Kannur, Trippangottur"
"Kerala, Kannur, Udayagiri"
"Kerala, Kannur, Ulikkal"
"Kerala, Kannur, Valappattanam"
"Kerala, Kannur, Vengad"
"Kerala, Kasargode, Ajanur"
"Kerala, Kasargode, Badiadka"
"Kerala, Kasargode, Balal"
"Kerala, Kasargode, Bedadka"
"Kerala, Kasargode, Bellur"
"Kerala, Kasargode, Chemnad"
"Kerala, Kasargode, Chengala"
"Kerala, Kasargode, Cheruvathur"
"Kerala, Kasargode, Delampady"
"Kerala, Kasargode, East Eleri"
"Kerala, Kasargode, Enmakaje"
"Kerala, Kasargode, Kallar"
"Kerala, Kasargode, Kanhangad Muncipality"
"Kerala, Kasargode, Karadka"
"Kerala, Kasargode, Kasargod Muncipality"
"Kerala, Kasargode, Kayyur Cheemeni"
"Kerala, Kasargode, Kinanoor Karinthalam"
"Kerala, Kasargode, Kodom Belur"
"Kerala, Kasargode, Kumbala"
"Kerala, Kasargode, Kumbdaje"
"Kerala, Kasargode, Kuttikkole"
"Kerala, Kasargode, Madhur"
"Kerala, Kasargode, Madikkai"
"Kerala, Kasargode, Mangalpady"
"Kerala, Kasargode, Manjeshwar"
"Kerala, Kasargode, Meenja"
"Kerala, Kasargode, Mogral Puthur"
"Kerala, Kasargode, Muliyar"
"Kerala, Kasargode, Nileshwar Muncipality"
"Kerala, Kasargode, Padanna"
"Kerala, Kasargode, Paivalike"
"Kerala, Kasargode, Pallikkare"
"Kerala, Kasargode, Panathady"
"Kerala, Kasargode, Pilicode"
"Kerala, Kasargode, Pullur Periya"
"Kerala, Kasargode, Puthige"
"Kerala, Kasargode, Thrikkaripur"
"Kerala, Kasargode, Uduma"
"Kerala, Kasargode, Valiyaparamba"
"Kerala, Kasargode, Vorkkady"
"Kerala, Kasargode, West Eleri"
"Kerala, Kollam, Aadichanallor"
"Kerala, Kollam, Alappad"
"Kerala, Kollam, Alayamon"
"Kerala, Kollam, Anchal"
"Kerala, Kollam, Aryankavu"
"Kerala, Kollam, Chadayamangalam"
"Kerala, Kollam, Chathannur"
"Kerala, Kollam, Chavara"
"Kerala, Kollam, Chithara"
"Kerala, Kollam, Edamulackal"
"Kerala, Kollam, Ezhukone"
"Kerala, Kollam, Ilamad"
"Kerala, Kollam, Ilamboor"
"Kerala, Kollam, Ittiva"
"Kerala, Kollam, Kadakkal"
"Kerala, Kollam, Kalluvathikkal"
"Kerala, Kollam, Karavaloor"
"Kerala, Kollam, Karipra"
"Kerala, Kollam, Karunagappally Muncipality"
"Kerala, Kollam, Kollam  Corporation"
"Kerala, Kollam, Kottankara"
"Kerala, Kollam, Kottarakkara Muncipality"
"Kerala, Kollam, Kulakkada"
"Kerala, Kollam, Kulasekharam"
"Kerala, Kollam, Kulathooppuzha"
"Kerala, Kollam, Kummil"
"Kerala, Kollam, Kundara"
"Kerala, Kollam, Mailom"
"Kerala, Kollam, Mainagappally"
"Kerala, Kollam, Mayyanad"
"Kerala, Kollam, Nedumbana"
"Kerala, Kollam, Neduvathur"
"Kerala, Kollam, Neendakara"
"Kerala, Kollam, Ochira"
"Kerala, Kollam, Panayam"
"Kerala, Kollam, Paravur Muncipality"
"Kerala, Kollam, Pathanapuram"
"Kerala, Kollam, Pattazhi"
"Kerala, Kollam, Pattazhi Vadakkekkara"
"Kerala, Kollam, Pavithreshvaram"
"Kerala, Kollam, Perayam"
"Kerala, Kollam, Perinad"
"Kerala, Kollam, Piravanthoor"
"Kerala, Kollam, Poothakkulam"
"Kerala, Kollam, Pooyappally"
"Kerala, Kollam, Poruvazhi"
"Kerala, Kollam, Punalur Muncipality"
"Kerala, Kollam, Sooranad North"
"Kerala, Kollam, Thekkumbhagom"
"Kerala, Kollam, Thenmala"
"Kerala, Kollam, Thevalakkara"
"Kerala, Kollam, Thrikkaruva"
"Kerala, Kollam, Thrikkovilvattam"
"Kerala, Kollam, Ummannoor"
"Kerala, Kollam, Velinalloor"
"Kerala, Kollam, Veliyam"
"Kerala, Kollam, Vilakkudi"
"Kerala, Kollam, West Kallada"
"Kerala, Kollam, Yeroor"
"Kerala, Kottayam, Changanassery Muncipality"
"Kerala, Kottayam, Chirakkadavu"
"Kerala, Kottayam, Elikkulam"
"Kerala, Kottayam, Erattupetta"
"Kerala, Kottayam, Erumely"
"Kerala, Kottayam, Ettumanoor Muncipality"
"Kerala, Kottayam, Kanakkari"
"Kerala, Kottayam, Kangazha"
"Kerala, Kottayam, Karukachal"
"Kerala, Kottayam, Kidangoor"
"Kerala, Kottayam, Koottikkal"
"Kerala, Kottayam, Kottayam Muncipality"
"Kerala, Kottayam, Kumarakom"
"Kerala, Kottayam, Kurichi"
"Kerala, Kottayam, Mangattuppilly"
"Kerala, Kottayam, Panachikkad"
"Kerala, Kottayam, Payippad"
"Kerala, Kottayam, Thalayazham"
"Kerala, Kottayam, Thalayolaparamb"
"Kerala, Kottayam, TV puram"
"Kerala, Kottayam, Vakathanam"
"Kerala, Kottayam, Vazhappilly"
"Kerala, Kottayam, Vechoor"
"Kerala, Kottayam, Veliyannoor"
"Kerala, Kozhikkode, Arikkulam"
"Kerala, Kozhikkode, Atholi"
"Kerala, Kozhikkode, Ayancheri"
"Kerala, Kozhikkode, Azhiyur"
"Kerala, Kozhikkode, Balussery"
"Kerala, Kozhikkode, Chakkittapara"
"Kerala, Kozhikkode, Changaroth"
"Kerala, Kozhikkode, Chathamangalam"
"Kerala, Kozhikkode, Chekkiad"
"Kerala, Kozhikkode, Chelannur"
"Kerala, Kozhikkode, Chemanchery"
"Kerala, Kozhikkode, Chengottukavu"
"Kerala, Kozhikkode, Cherode"
"Kerala, Kozhikkode, Cheruvannur"
"Kerala, Kozhikkode, Edacheri"
"Kerala, Kozhikkode, Eramala"
"Kerala, Kozhikkode, Feroke Muncipality"
"Kerala, Kozhikkode, Kadalundi"
"Kerala, Kozhikkode, Kakkodi"
"Kerala, Kozhikkode, Kakoor"
"Kerala, Kozhikkode, Karasseri"
"Kerala, Kozhikkode, Karuvattur"
"Kerala, Kozhikkode, Kavilumpara"
"Kerala, Kozhikkode, Kayakkodi"
"Kerala, Kozhikkode, Kayanna"
"Kerala, Kozhikkode, Keezhayiroor"
"Kerala, Kozhikkode, Kizhakkoth"
"Kerala, Kozhikkode, Kodanchery"
"Kerala, Kozhikkode, Kodiyathur"
"Kerala, Kozhikkode, Koodaranji"
"Kerala, Kozhikkode, Koorachund"
"Kerala, Kozhikkode, Koothali"
"Kerala, Kozhikkode, Kottur"
"Kerala, Kozhikkode, Koyilandi Muncipality"
"Kerala, Kozhikkode, Kozhikkode ©"
"Kerala, Kozhikkode, Kunnamangalam"
"Kerala, Kozhikkode, Kunnumal"
"Kerala, Kozhikkode, Kuttiyadi"
"Kerala, Kozhikkode, Madavoor"
"Kerala, Kozhikkode, Maniyur"
"Kerala, Kozhikkode, Maruthonkara"
"Kerala, Kozhikkode, Mavoor"
"Kerala, Kozhikkode, Meppayur"
"Kerala, Kozhikkode, Moodadi"
"Kerala, Kozhikkode, Mukkom Muncipality"
"Kerala, Kozhikkode, Nadapuram"
"Kerala, Kozhikkode, Naduvannoor"
"Kerala, Kozhikkode, Nanmanda"
"Kerala, Kozhikkode, Narikkuni"
"Kerala, Kozhikkode, Naripetta"
"Kerala, Kozhikkode, Nochad"
"Kerala, Kozhikkode, Olavanna"
"Kerala, Kozhikkode, Omassery"
"Kerala, Kozhikkode, Onchiyam"
"Kerala, Kozhikkode, Panangad"
"Kerala, Kozhikkode, Payyoli Muncipality"
"Kerala, Kozhikkode, Perambra"
"Kerala, Kozhikkode, Perumanna"
"Kerala, Kozhikkode, Peruvayal"
"Kerala, Kozhikkode, Purameri"
"Kerala, Kozhikkode, Puthuppady"
"Kerala, Kozhikkode, Ramanattukara Muncipality"
"Kerala, Kozhikkode, Thalakkulathur"
"Kerala, Kozhikkode, Thamarassery"
"Kerala, Kozhikkode, Thikkodi"
"Kerala, Kozhikkode, Thiruvalloor"
"Kerala, Kozhikkode, Thuneri"
"Kerala, Kozhikkode, Thurayur"
"Kerala, Kozhikkode, Ulliyeri"
"Kerala, Kozhikkode, Unnikkulam"
"Kerala, Kozhikkode, Vadakara Muncipality"
"Kerala, Kozhikkode, Valayam"
"Kerala, Kozhikkode, Vanimel"
"Kerala, Kozhikkode, Velam"
"Kerala, Kozhikkode, Villiappally"
"Kerala, Malappuram, Areecode"
"Kerala, Malappuram, Kannamangalam"
"Kerala, Malappuram, Karuvarakkund"
"Kerala, Malappuram, Kuzhimanna"
"Kerala, Malappuram, Malappuram Muncipality"
"Kerala, Malappuram, Moorkanad"
"Kerala, Palakkad, Agali"
"Kerala, Palakkad, Alanalloor"
"Kerala, Palakkad, Alathur"
"Kerala, Palakkad, Ambalappara"
"Kerala, Palakkad, Anakkara"
"Kerala, Palakkad, Ayiloor"
"Kerala, Palakkad, Elappully"
"Kerala, Palakkad, Kadambazhippuram"
"Kerala, Palakkad, Kannadi"
"Kerala, Palakkad, Karakkurissi"
"Kerala, Palakkad, Karimpuzha"
"Kerala, Palakkad, Koduvayur"
"Kerala, Palakkad, Kollankode"
"Kerala, Palakkad, Kongad"
"Kerala, Palakkad, Koppam"
"Kerala, Palakkad, Kottayi"
"Kerala, Palakkad, Kulukkalloor"
"Kerala, Palakkad, Kuthannoor"
"Kerala, Palakkad, Malampuzha"
"Kerala, Palakkad, Marutharoad"
"Kerala, Palakkad, Melarkod"
"Kerala, Palakkad, Mundoor"
"Kerala, Palakkad, Nagalassery"
"Kerala, Palakkad, Nalleppilli"
"Kerala, Palakkad, Nenmara"
"Kerala, Palakkad, Ottappalam Muncipality"
"Kerala, Palakkad, Palakkad Muncipality"
"Kerala, Palakkad, Parali"
"Kerala, Palakkad, Paruthoor"
"Kerala, Palakkad, Pattambi"
"Kerala, Palakkad, Pattanchery"
"Kerala, Palakkad, Pattithara"
"Kerala, Palakkad, Peringottukurussi"
"Kerala, Palakkad, Pirayiri"
"Kerala, Palakkad, Pookkottukavu"
"Kerala, Palakkad, Puthunagaram"
"Kerala, Palakkad, Puthuppariyaram"
"Kerala, Palakkad, Puthussery"
"Kerala, Palakkad, Thachampara"
"Kerala, Palakkad, Thenkurissi"
"Kerala, Palakkad, Thirumittikkode"
"Kerala, Palakkad, Thrithala"
"Kerala, Pathanamthitta, Adoor"
"Kerala, Pathanamthitta, Aranmula"
"Kerala, Pathanamthitta, Ayiroor"
"Kerala, Pathanamthitta, Chittar"
"Kerala, Pathanamthitta, Eraviperoor"
"Kerala, Pathanamthitta, Ezhumattoor"
"Kerala, Pathanamthitta, Kalanjoor"
"Kerala, Pathanamthitta, Kalooppara"
"Kerala, Pathanamthitta, Kaviyoor"
"Kerala, Pathanamthitta, Mezhuveli"
"Kerala, Pathanamthitta, Naranammoozhy"
"Kerala, Pathanamthitta, Niranam"
"Kerala, Pathanamthitta, Omallur"
"Kerala, Pathanamthitta, Pallikkal"
"Kerala, Pathanamthitta, Pathanamthitta Muncipality"
"Kerala, Pathanamthitta, Thannithode"
"Kerala, Pathanamthitta, Thiruvalla Muncipality"
"Kerala, Pathanamthitta, Thottappuzhassery"
"Kerala, Thiruvananthapuram, Anchuthengu"
"Kerala, Thiruvananthapuram, Andoorkkonam"
"Kerala, Thiruvananthapuram, Aruvikkara"
"Kerala, Thiruvananthapuram, Aryanadu"
"Kerala, Thiruvananthapuram, Aryancode"
"Kerala, Thiruvananthapuram, Athiyanoor"
"Kerala, Thiruvananthapuram, Attingal"
"Kerala, Thiruvananthapuram, Azhoor"
"Kerala, Thiruvananthapuram, Balaramapuram"
"Kerala, Thiruvananthapuram, Chenkal"
"Kerala, Thiruvananthapuram, Chirayinkeezhu"
"Kerala, Thiruvananthapuram, Elakamon"
"Kerala, Thiruvananthapuram, Kadakkavur"
"Kerala, Thiruvananthapuram, Kadinamkulam"
"Kerala, Thiruvananthapuram, Kalliyoor"
"Kerala, Thiruvananthapuram, Kanjiramkulam"
"Kerala, Thiruvananthapuram, Karavaram"
"Kerala, Thiruvananthapuram, Karode"
"Kerala, Thiruvananthapuram, Karumkulam"
"Kerala, Thiruvananthapuram, Kattakkada"
"Kerala, Thiruvananthapuram, Kilimanoor"
"Kerala, Thiruvananthapuram, Kizhuvillam"
"Kerala, Thiruvananthapuram, Kollayil"
"Kerala, Thiruvananthapuram, Kottukal"
"Kerala, Thiruvananthapuram, Kulathur"
"Kerala, Thiruvananthapuram, Kunnathukal"
"Kerala, Thiruvananthapuram, Mudakkal"
"Kerala, Thiruvananthapuram, Nellanad"
"Kerala, Thiruvananthapuram, Neyyattinkara Muncipality"
"Kerala, Thiruvananthapuram, Ottasekharamangalam"
"Kerala, Thiruvananthapuram, Ottur"
"Kerala, Thiruvananthapuram, Pallichal"
"Kerala, Thiruvananthapuram, Pallikkal"
"Kerala, Thiruvananthapuram, Pangode"
"Kerala, Thiruvananthapuram, Parasala"
"Kerala, Thiruvananthapuram, Pazhayakunnummel"
"Kerala, Thiruvananthapuram, Peringammala"
"Kerala, Thiruvananthapuram, Perumkadavila"
"Kerala, Thiruvananthapuram, Poovar"
"Kerala, Thiruvananthapuram, Pothencode"
"Kerala, Thiruvananthapuram, Pulimath"
"Kerala, Thiruvananthapuram, Tholicode"
"Kerala, Thiruvananthapuram, Thripuram"
"Kerala, Thiruvananthapuram, Vakkom"
"Kerala, Thiruvananthapuram, Varkala Muncipality"
"Kerala, Thiruvananthapuram, Vellanad"
"Kerala, Thiruvananthapuram, Vellarda"
"Kerala, Thiruvananthapuram, Venganoor"
"Kerala, Thiruvananthapuram, Vilappil"
"Kerala, Thiruvananthapuram, Vilavoorkal"
"Kerala, Thiruvananthapuram, Vithura"
"Kerala, Thrissur, Adat"
"Kerala, Thrissur, Alagappa Nagar"
"Kerala, Thrissur, Aloor"
"Kerala, Thrissur, Annamanada"
"Kerala, Thrissur, Anthikkad"
"Kerala, Thrissur, Athirappilly"
"Kerala, Thrissur, Avinissery"
"Kerala, Thrissur, Chalakkudy"
"Kerala, Thrissur, Chavakkad"
"Kerala, Thrissur, Chazoor"
"Kerala, Thrissur, Chelakkara"
"Kerala, Thrissur, Cherpp"
"Kerala, Thrissur, Choondal"
"Kerala, Thrissur, Chovvannur"
"Kerala, Thrissur, Deshamangalam"
"Kerala, Thrissur, Edathuruthy"
"Kerala, Thrissur, Elavally"
"Kerala, Thrissur, Engandiyoor"
"Kerala, Thrissur, Eriyad"
"Kerala, Thrissur, Erumappetty"
"Kerala, Thrissur, Guruvayoor Muncipality"
"Kerala, Thrissur, Kadangode"
"Kerala, Thrissur, Kadappuram"
"Kerala, Thrissur, Kadavalloor"
"Kerala, Thrissur, Kandanassery"
"Kerala, Thrissur, Kattakkambal"
"Kerala, Thrissur, Kattoor"
"Kerala, Thrissur, Kaypamagalam"
"Kerala, Thrissur, Kazhoor"
"Kerala, Thrissur, Kodakara"
"Kerala, Thrissur, Kodungallur Muncipality"
"Kerala, Thrissur, Kolazhy"
"Kerala, Thrissur, Kondazhy"
"Kerala, Thrissur, Kunnamkulam Muncipality"
"Kerala, Thrissur, Manaloor"
"Kerala, Thrissur, Mattathur"
"Kerala, Thrissur, Muriyad"
"Kerala, Thrissur, Nenmanikkara"
"Kerala, Thrissur, Orumanayoor"
"Kerala, Thrissur, Padiyur"
"Kerala, Thrissur, Panjal"
"Kerala, Thrissur, Parapookkara"
"Kerala, Thrissur, Pavaratty"
"Kerala, Thrissur, Pazayannur"
"Kerala, Thrissur, Porkkulam"
"Kerala, Thrissur, Punnayoorkulam"
"Kerala, Thrissur, Punnayur"
"Kerala, Thrissur, Puthukkad"
"Kerala, Thrissur, Puthur"
"Kerala, Thrissur, Sreenarayanapuram"
"Kerala, Thrissur, Tholur"
"Kerala, Thrissur, Thrikkoor"
"Kerala, Thrissur, Thrissur"
"Kerala, Thrissur, Vadakkekkad"
"Kerala, Thrissur, Vadanappally"
"Kerala, Thrissur, Valappad"
"Kerala, Thrissur, Vallachira"
"Kerala, Thrissur, Vallatholnagar"
"Kerala, Thrissur, Varantharappally"
"Kerala, Thrissur, Vellamkallur"
"Kerala, Thrissur, Velukkara"
"Kerala, Thrissur, Venkidang"
"Kerala, Thrissur, Wadakkanchery"
"Kerala, Wayanad, Ambalavayal"
"Kerala, Wayanad, Edavaka"
"Kerala, Wayanad, Kalpetta"
"Kerala, Wayanad, Kaniyampatta"
"Kerala, Wayanad, Kottathara"
"Kerala, Wayanad, Meppadi"
"Kerala, Wayanad, Mullankolly"
"Kerala, Wayanad, Muppainad"
"Kerala, Wayanad, Muttil"
"Kerala, Wayanad, Nenmeni"
"Kerala, Wayanad, Noolppuzha"
"Kerala, Wayanad, Padinjarathara"
"Kerala, Wayanad, Panamaram"
"Kerala, Wayanad, Pozhuthana"
"Kerala, Wayanad, Sultan Bathery"
"Kerala, Wayanad, Thavinjal"
"Kerala, Wayanad, Thirunelli"
"Kerala, Wayanad, Vellamunda"
"Kerala, Wayanad, Vengappally"
